ProductKey;ProductItemCode;ProductName;ProductColor;ProductSize;ProductLine;CategoryName;SubcategoryName;ProductDescription;ModelName;ProductStatus
210;FR-R92B-58;"HL Road Frame - Black, 58";Black;58;R ;Components;Road Frames;"Our lightest and best quality aluminum frame made from the newest alloy; it is welded and heat-treated for strength. Our innovative design results in maximum comfort and performance.";HL Road Frame;Current
211;FR-R92R-58;"HL Road Frame - Red, 58";Red;58;R ;Components;Road Frames;"Our lightest and best quality aluminum frame made from the newest alloy; it is welded and heat-treated for strength. Our innovative design results in maximum comfort and performance.";HL Road Frame;Current
212;HL-U509-R;"Sport-100 Helmet, Red";Red;NULL;S ;Accessories;Helmets;"Universal fit, well-vented, lightweight , snap-on visor.";Sport-100;Outdate
213;HL-U509-R;"Sport-100 Helmet, Red";Red;NULL;S ;Accessories;Helmets;"Universal fit, well-vented, lightweight , snap-on visor.";Sport-100;Outdate
214;HL-U509-R;"Sport-100 Helmet, Red";Red;NULL;S ;Accessories;Helmets;"Universal fit, well-vented, lightweight , snap-on visor.";Sport-100;Current
215;HL-U509;"Sport-100 Helmet, Black";Black;NULL;S ;Accessories;Helmets;"Universal fit, well-vented, lightweight , snap-on visor.";Sport-100;Outdate
216;HL-U509;"Sport-100 Helmet, Black";Black;NULL;S ;Accessories;Helmets;"Universal fit, well-vented, lightweight , snap-on visor.";Sport-100;Outdate
217;HL-U509;"Sport-100 Helmet, Black";Black;NULL;S ;Accessories;Helmets;"Universal fit, well-vented, lightweight , snap-on visor.";Sport-100;Current
218;SO-B909-M;"Mountain Bike Socks, M";White;M;M ;Clothing;Socks;Combination of natural and synthetic fibers stays dry and provides just the right cushioning.;Mountain Bike Socks;Outdate
219;SO-B909-L;"Mountain Bike Socks, L";White;L;M ;Clothing;Socks;Combination of natural and synthetic fibers stays dry and provides just the right cushioning.;Mountain Bike Socks;Outdate
220;HL-U509-B;"Sport-100 Helmet, Blue";Blue;NULL;S ;Accessories;Helmets;"Universal fit, well-vented, lightweight , snap-on visor.";Sport-100;Outdate
221;HL-U509-B;"Sport-100 Helmet, Blue";Blue;NULL;S ;Accessories;Helmets;"Universal fit, well-vented, lightweight , snap-on visor.";Sport-100;Outdate
222;HL-U509-B;"Sport-100 Helmet, Blue";Blue;NULL;S ;Accessories;Helmets;"Universal fit, well-vented, lightweight , snap-on visor.";Sport-100;Current
223;CA-1098;AWC Logo Cap;Multi;NULL;S ;Clothing;Caps;"Traditional style with a flip-up brim; one-size fits all.";Cycling Cap;Outdate
224;CA-1098;AWC Logo Cap;Multi;NULL;S ;Clothing;Caps;"Traditional style with a flip-up brim; one-size fits all.";Cycling Cap;Outdate
225;CA-1098;AWC Logo Cap;Multi;NULL;S ;Clothing;Caps;"Traditional style with a flip-up brim; one-size fits all.";Cycling Cap;Current
226;LJ-0192-S;"Long-Sleeve Logo Jersey, S";Multi;S;S ;Clothing;Jerseys;Unisex long-sleeve AWC logo microfiber cycling jersey;Long-Sleeve Logo Jersey;Outdate
227;LJ-0192-S;"Long-Sleeve Logo Jersey, S";Multi;S;S ;Clothing;Jerseys;Unisex long-sleeve AWC logo microfiber cycling jersey;Long-Sleeve Logo Jersey;Outdate
228;LJ-0192-S;"Long-Sleeve Logo Jersey, S";Multi;S;S ;Clothing;Jerseys;Unisex long-sleeve AWC logo microfiber cycling jersey;Long-Sleeve Logo Jersey;Current
229;LJ-0192-M;"Long-Sleeve Logo Jersey, M";Multi;M;S ;Clothing;Jerseys;Unisex long-sleeve AWC logo microfiber cycling jersey;Long-Sleeve Logo Jersey;Outdate
230;LJ-0192-M;"Long-Sleeve Logo Jersey, M";Multi;M;S ;Clothing;Jerseys;Unisex long-sleeve AWC logo microfiber cycling jersey;Long-Sleeve Logo Jersey;Outdate
231;LJ-0192-M;"Long-Sleeve Logo Jersey, M";Multi;M;S ;Clothing;Jerseys;Unisex long-sleeve AWC logo microfiber cycling jersey;Long-Sleeve Logo Jersey;Current
232;LJ-0192-L;"Long-Sleeve Logo Jersey, L";Multi;L;S ;Clothing;Jerseys;Unisex long-sleeve AWC logo microfiber cycling jersey;Long-Sleeve Logo Jersey;Outdate
233;LJ-0192-L;"Long-Sleeve Logo Jersey, L";Multi;L;S ;Clothing;Jerseys;Unisex long-sleeve AWC logo microfiber cycling jersey;Long-Sleeve Logo Jersey;Outdate
234;LJ-0192-L;"Long-Sleeve Logo Jersey, L";Multi;L;S ;Clothing;Jerseys;Unisex long-sleeve AWC logo microfiber cycling jersey;Long-Sleeve Logo Jersey;Current
235;LJ-0192-X;"Long-Sleeve Logo Jersey, XL";Multi;XL;S ;Clothing;Jerseys;Unisex long-sleeve AWC logo microfiber cycling jersey;Long-Sleeve Logo Jersey;Outdate
236;LJ-0192-X;"Long-Sleeve Logo Jersey, XL";Multi;XL;S ;Clothing;Jerseys;Unisex long-sleeve AWC logo microfiber cycling jersey;Long-Sleeve Logo Jersey;Outdate
237;LJ-0192-X;"Long-Sleeve Logo Jersey, XL";Multi;XL;S ;Clothing;Jerseys;Unisex long-sleeve AWC logo microfiber cycling jersey;Long-Sleeve Logo Jersey;Current
238;FR-R92R-62;"HL Road Frame - Red, 62";Red;62;R ;Components;Road Frames;"Our lightest and best quality aluminum frame made from the newest alloy; it is welded and heat-treated for strength. Our innovative design results in maximum comfort and performance.";HL Road Frame;Outdate
239;FR-R92R-62;"HL Road Frame - Red, 62";Red;62;R ;Components;Road Frames;"Our lightest and best quality aluminum frame made from the newest alloy; it is welded and heat-treated for strength. Our innovative design results in maximum comfort and performance.";HL Road Frame;Outdate
240;FR-R92R-62;"HL Road Frame - Red, 62";Red;62;R ;Components;Road Frames;"Our lightest and best quality aluminum frame made from the newest alloy; it is welded and heat-treated for strength. Our innovative design results in maximum comfort and performance.";HL Road Frame;Current
241;FR-R92R-44;"HL Road Frame - Red, 44";Red;44;R ;Components;Road Frames;"Our lightest and best quality aluminum frame made from the newest alloy; it is welded and heat-treated for strength. Our innovative design results in maximum comfort and performance.";HL Road Frame;Outdate
242;FR-R92R-44;"HL Road Frame - Red, 44";Red;44;R ;Components;Road Frames;"Our lightest and best quality aluminum frame made from the newest alloy; it is welded and heat-treated for strength. Our innovative design results in maximum comfort and performance.";HL Road Frame;Outdate
243;FR-R92R-44;"HL Road Frame - Red, 44";Red;44;R ;Components;Road Frames;"Our lightest and best quality aluminum frame made from the newest alloy; it is welded and heat-treated for strength. Our innovative design results in maximum comfort and performance.";HL Road Frame;Current
244;FR-R92R-48;"HL Road Frame - Red, 48";Red;48;R ;Components;Road Frames;"Our lightest and best quality aluminum frame made from the newest alloy; it is welded and heat-treated for strength. Our innovative design results in maximum comfort and performance.";HL Road Frame;Outdate
245;FR-R92R-48;"HL Road Frame - Red, 48";Red;48;R ;Components;Road Frames;"Our lightest and best quality aluminum frame made from the newest alloy; it is welded and heat-treated for strength. Our innovative design results in maximum comfort and performance.";HL Road Frame;Outdate
246;FR-R92R-48;"HL Road Frame - Red, 48";Red;48;R ;Components;Road Frames;"Our lightest and best quality aluminum frame made from the newest alloy; it is welded and heat-treated for strength. Our innovative design results in maximum comfort and performance.";HL Road Frame;Current
247;FR-R92R-52;"HL Road Frame - Red, 52";Red;52;R ;Components;Road Frames;"Our lightest and best quality aluminum frame made from the newest alloy; it is welded and heat-treated for strength. Our innovative design results in maximum comfort and performance.";HL Road Frame;Outdate
248;FR-R92R-52;"HL Road Frame - Red, 52";Red;52;R ;Components;Road Frames;"Our lightest and best quality aluminum frame made from the newest alloy; it is welded and heat-treated for strength. Our innovative design results in maximum comfort and performance.";HL Road Frame;Outdate
249;FR-R92R-52;"HL Road Frame - Red, 52";Red;52;R ;Components;Road Frames;"Our lightest and best quality aluminum frame made from the newest alloy; it is welded and heat-treated for strength. Our innovative design results in maximum comfort and performance.";HL Road Frame;Current
250;FR-R92R-56;"HL Road Frame - Red, 56";Red;56;R ;Components;Road Frames;"Our lightest and best quality aluminum frame made from the newest alloy; it is welded and heat-treated for strength. Our innovative design results in maximum comfort and performance.";HL Road Frame;Outdate
251;FR-R92R-56;"HL Road Frame - Red, 56";Red;56;R ;Components;Road Frames;"Our lightest and best quality aluminum frame made from the newest alloy; it is welded and heat-treated for strength. Our innovative design results in maximum comfort and performance.";HL Road Frame;Outdate
252;FR-R92R-56;"HL Road Frame - Red, 56";Red;56;R ;Components;Road Frames;"Our lightest and best quality aluminum frame made from the newest alloy; it is welded and heat-treated for strength. Our innovative design results in maximum comfort and performance.";HL Road Frame;Current
253;FR-R38B-58;"LL Road Frame - Black, 58";Black;58;R ;Components;Road Frames;"The LL Frame provides a safe comfortable ride, while offering superior bump absorption in a value-priced aluminum frame.";LL Road Frame;Outdate
254;FR-R38B-58;"LL Road Frame - Black, 58";Black;58;R ;Components;Road Frames;"The LL Frame provides a safe comfortable ride, while offering superior bump absorption in a value-priced aluminum frame.";LL Road Frame;Outdate
255;FR-R38B-58;"LL Road Frame - Black, 58";Black;58;R ;Components;Road Frames;"The LL Frame provides a safe comfortable ride, while offering superior bump absorption in a value-priced aluminum frame.";LL Road Frame;Current
256;FR-R38B-60;"LL Road Frame - Black, 60";Black;60;R ;Components;Road Frames;"The LL Frame provides a safe comfortable ride, while offering superior bump absorption in a value-priced aluminum frame.";LL Road Frame;Outdate
257;FR-R38B-60;"LL Road Frame - Black, 60";Black;60;R ;Components;Road Frames;"The LL Frame provides a safe comfortable ride, while offering superior bump absorption in a value-priced aluminum frame.";LL Road Frame;Outdate
258;FR-R38B-60;"LL Road Frame - Black, 60";Black;60;R ;Components;Road Frames;"The LL Frame provides a safe comfortable ride, while offering superior bump absorption in a value-priced aluminum frame.";LL Road Frame;Current
259;FR-R38B-62;"LL Road Frame - Black, 62";Black;62;R ;Components;Road Frames;"The LL Frame provides a safe comfortable ride, while offering superior bump absorption in a value-priced aluminum frame.";LL Road Frame;Outdate
260;FR-R38B-62;"LL Road Frame - Black, 62";Black;62;R ;Components;Road Frames;"The LL Frame provides a safe comfortable ride, while offering superior bump absorption in a value-priced aluminum frame.";LL Road Frame;Outdate
261;FR-R38B-62;"LL Road Frame - Black, 62";Black;62;R ;Components;Road Frames;"The LL Frame provides a safe comfortable ride, while offering superior bump absorption in a value-priced aluminum frame.";LL Road Frame;Current
262;FR-R38R-44;"LL Road Frame - Red, 44";Red;44;R ;Components;Road Frames;"The LL Frame provides a safe comfortable ride, while offering superior bump absorption in a value-priced aluminum frame.";LL Road Frame;Outdate
263;FR-R38R-44;"LL Road Frame - Red, 44";Red;44;R ;Components;Road Frames;"The LL Frame provides a safe comfortable ride, while offering superior bump absorption in a value-priced aluminum frame.";LL Road Frame;Outdate
264;FR-R38R-48;"LL Road Frame - Red, 48";Red;48;R ;Components;Road Frames;"The LL Frame provides a safe comfortable ride, while offering superior bump absorption in a value-priced aluminum frame.";LL Road Frame;Outdate
265;FR-R38R-48;"LL Road Frame - Red, 48";Red;48;R ;Components;Road Frames;"The LL Frame provides a safe comfortable ride, while offering superior bump absorption in a value-priced aluminum frame.";LL Road Frame;Outdate
266;FR-R38R-52;"LL Road Frame - Red, 52";Red;52;R ;Components;Road Frames;"The LL Frame provides a safe comfortable ride, while offering superior bump absorption in a value-priced aluminum frame.";LL Road Frame;Outdate
267;FR-R38R-52;"LL Road Frame - Red, 52";Red;52;R ;Components;Road Frames;"The LL Frame provides a safe comfortable ride, while offering superior bump absorption in a value-priced aluminum frame.";LL Road Frame;Outdate
268;FR-R38R-58;"LL Road Frame - Red, 58";Red;58;R ;Components;Road Frames;"The LL Frame provides a safe comfortable ride, while offering superior bump absorption in a value-priced aluminum frame.";LL Road Frame;Outdate
269;FR-R38R-58;"LL Road Frame - Red, 58";Red;58;R ;Components;Road Frames;"The LL Frame provides a safe comfortable ride, while offering superior bump absorption in a value-priced aluminum frame.";LL Road Frame;Outdate
270;FR-R38R-60;"LL Road Frame - Red, 60";Red;60;R ;Components;Road Frames;"The LL Frame provides a safe comfortable ride, while offering superior bump absorption in a value-priced aluminum frame.";LL Road Frame;Outdate
271;FR-R38R-60;"LL Road Frame - Red, 60";Red;60;R ;Components;Road Frames;"The LL Frame provides a safe comfortable ride, while offering superior bump absorption in a value-priced aluminum frame.";LL Road Frame;Outdate
272;FR-R38R-62;"LL Road Frame - Red, 62";Red;62;R ;Components;Road Frames;"The LL Frame provides a safe comfortable ride, while offering superior bump absorption in a value-priced aluminum frame.";LL Road Frame;Outdate
273;FR-R38R-62;"LL Road Frame - Red, 62";Red;62;R ;Components;Road Frames;"The LL Frame provides a safe comfortable ride, while offering superior bump absorption in a value-priced aluminum frame.";LL Road Frame;Outdate
274;FR-R72R-44;"ML Road Frame - Red, 44";Red;44;R ;Components;Road Frames;"Made from the same aluminum alloy as our top-of-the line HL frame, the ML features a lightweight down-tube milled to the perfect diameter for optimal strength. Men's version.";ML Road Frame;Outdate
275;FR-R72R-48;"ML Road Frame - Red, 48";Red;48;R ;Components;Road Frames;"Made from the same aluminum alloy as our top-of-the line HL frame, the ML features a lightweight down-tube milled to the perfect diameter for optimal strength. Men's version.";ML Road Frame;Outdate
276;FR-R72R-52;"ML Road Frame - Red, 52";Red;52;R ;Components;Road Frames;"Made from the same aluminum alloy as our top-of-the line HL frame, the ML features a lightweight down-tube milled to the perfect diameter for optimal strength. Men's version.";ML Road Frame;Outdate
277;FR-R72R-58;"ML Road Frame - Red, 58";Red;58;R ;Components;Road Frames;"Made from the same aluminum alloy as our top-of-the line HL frame, the ML features a lightweight down-tube milled to the perfect diameter for optimal strength. Men's version.";ML Road Frame;Outdate
278;FR-R72R-60;"ML Road Frame - Red, 60";Red;60;R ;Components;Road Frames;"Made from the same aluminum alloy as our top-of-the line HL frame, the ML features a lightweight down-tube milled to the perfect diameter for optimal strength. Men's version.";ML Road Frame;Outdate
279;FR-R38B-44;"LL Road Frame - Black, 44";Black;44;R ;Components;Road Frames;"The LL Frame provides a safe comfortable ride, while offering superior bump absorption in a value-priced aluminum frame.";LL Road Frame;Outdate
280;FR-R38B-44;"LL Road Frame - Black, 44";Black;44;R ;Components;Road Frames;"The LL Frame provides a safe comfortable ride, while offering superior bump absorption in a value-priced aluminum frame.";LL Road Frame;Outdate
281;FR-R38B-44;"LL Road Frame - Black, 44";Black;44;R ;Components;Road Frames;"The LL Frame provides a safe comfortable ride, while offering superior bump absorption in a value-priced aluminum frame.";LL Road Frame;Current
282;FR-R38B-48;"LL Road Frame - Black, 48";Black;48;R ;Components;Road Frames;"The LL Frame provides a safe comfortable ride, while offering superior bump absorption in a value-priced aluminum frame.";LL Road Frame;Outdate
283;FR-R38B-48;"LL Road Frame - Black, 48";Black;48;R ;Components;Road Frames;"The LL Frame provides a safe comfortable ride, while offering superior bump absorption in a value-priced aluminum frame.";LL Road Frame;Outdate
284;FR-R38B-48;"LL Road Frame - Black, 48";Black;48;R ;Components;Road Frames;"The LL Frame provides a safe comfortable ride, while offering superior bump absorption in a value-priced aluminum frame.";LL Road Frame;Current
285;FR-R38B-52;"LL Road Frame - Black, 52";Black;52;R ;Components;Road Frames;"The LL Frame provides a safe comfortable ride, while offering superior bump absorption in a value-priced aluminum frame.";LL Road Frame;Outdate
286;FR-R38B-52;"LL Road Frame - Black, 52";Black;52;R ;Components;Road Frames;"The LL Frame provides a safe comfortable ride, while offering superior bump absorption in a value-priced aluminum frame.";LL Road Frame;Outdate
287;FR-R38B-52;"LL Road Frame - Black, 52";Black;52;R ;Components;Road Frames;"The LL Frame provides a safe comfortable ride, while offering superior bump absorption in a value-priced aluminum frame.";LL Road Frame;Current
288;FR-M94S-42;"HL Mountain Frame - Silver, 42";Silver;42;M ;Components;Mountain Frames;Each frame is hand-crafted in our Bothell facility to the optimum diameter and wall-thickness required of a premium mountain frame. The heat-treated welded aluminum frame has a larger diameter tube that absorbs the bumps.;HL Mountain Frame;Outdate
289;FR-M94S-42;"HL Mountain Frame - Silver, 42";Silver;42;M ;Components;Mountain Frames;Each frame is hand-crafted in our Bothell facility to the optimum diameter and wall-thickness required of a premium mountain frame. The heat-treated welded aluminum frame has a larger diameter tube that absorbs the bumps.;HL Mountain Frame;Outdate
290;FR-M94S-42;"HL Mountain Frame - Silver, 42";Silver;42;M ;Components;Mountain Frames;Each frame is hand-crafted in our Bothell facility to the optimum diameter and wall-thickness required of a premium mountain frame. The heat-treated welded aluminum frame has a larger diameter tube that absorbs the bumps.;HL Mountain Frame;Current
291;FR-M94S-44;"HL Mountain Frame - Silver, 44";Silver;44;M ;Components;Mountain Frames;Each frame is hand-crafted in our Bothell facility to the optimum diameter and wall-thickness required of a premium mountain frame. The heat-treated welded aluminum frame has a larger diameter tube that absorbs the bumps.;HL Mountain Frame;Outdate
292;FR-M94S-52;"HL Mountain Frame - Silver, 48";Silver;48;M ;Components;Mountain Frames;Each frame is hand-crafted in our Bothell facility to the optimum diameter and wall-thickness required of a premium mountain frame. The heat-treated welded aluminum frame has a larger diameter tube that absorbs the bumps.;HL Mountain Frame;Outdate
293;FR-M94S-46;"HL Mountain Frame - Silver, 46";Silver;46;M ;Components;Mountain Frames;Each frame is hand-crafted in our Bothell facility to the optimum diameter and wall-thickness required of a premium mountain frame. The heat-treated welded aluminum frame has a larger diameter tube that absorbs the bumps.;HL Mountain Frame;Outdate
294;FR-M94S-46;"HL Mountain Frame - Silver, 46";Silver;46;M ;Components;Mountain Frames;Each frame is hand-crafted in our Bothell facility to the optimum diameter and wall-thickness required of a premium mountain frame. The heat-treated welded aluminum frame has a larger diameter tube that absorbs the bumps.;HL Mountain Frame;Outdate
295;FR-M94S-46;"HL Mountain Frame - Silver, 46";Silver;46;M ;Components;Mountain Frames;Each frame is hand-crafted in our Bothell facility to the optimum diameter and wall-thickness required of a premium mountain frame. The heat-treated welded aluminum frame has a larger diameter tube that absorbs the bumps.;HL Mountain Frame;Current
296;FR-M94B-42;"HL Mountain Frame - Black, 42";Black;42;M ;Components;Mountain Frames;Each frame is hand-crafted in our Bothell facility to the optimum diameter and wall-thickness required of a premium mountain frame. The heat-treated welded aluminum frame has a larger diameter tube that absorbs the bumps.;HL Mountain Frame;Outdate
297;FR-M94B-42;"HL Mountain Frame - Black, 42";Black;42;M ;Components;Mountain Frames;Each frame is hand-crafted in our Bothell facility to the optimum diameter and wall-thickness required of a premium mountain frame. The heat-treated welded aluminum frame has a larger diameter tube that absorbs the bumps.;HL Mountain Frame;Outdate
298;FR-M94B-42;"HL Mountain Frame - Black, 42";Black;42;M ;Components;Mountain Frames;Each frame is hand-crafted in our Bothell facility to the optimum diameter and wall-thickness required of a premium mountain frame. The heat-treated welded aluminum frame has a larger diameter tube that absorbs the bumps.;HL Mountain Frame;Current
299;FR-M94B-44;"HL Mountain Frame - Black, 44";Black;44;M ;Components;Mountain Frames;Each frame is hand-crafted in our Bothell facility to the optimum diameter and wall-thickness required of a premium mountain frame. The heat-treated welded aluminum frame has a larger diameter tube that absorbs the bumps.;HL Mountain Frame;Outdate
300;FR-M94B-48;"HL Mountain Frame - Black, 48";Black;48;M ;Components;Mountain Frames;Each frame is hand-crafted in our Bothell facility to the optimum diameter and wall-thickness required of a premium mountain frame. The heat-treated welded aluminum frame has a larger diameter tube that absorbs the bumps.;HL Mountain Frame;Outdate
301;FR-M94B-46;"HL Mountain Frame - Black, 46";Black;46;M ;Components;Mountain Frames;Each frame is hand-crafted in our Bothell facility to the optimum diameter and wall-thickness required of a premium mountain frame. The heat-treated welded aluminum frame has a larger diameter tube that absorbs the bumps.;HL Mountain Frame;Outdate
302;FR-M94B-46;"HL Mountain Frame - Black, 46";Black;46;M ;Components;Mountain Frames;Each frame is hand-crafted in our Bothell facility to the optimum diameter and wall-thickness required of a premium mountain frame. The heat-treated welded aluminum frame has a larger diameter tube that absorbs the bumps.;HL Mountain Frame;Outdate
303;FR-M94B-46;"HL Mountain Frame - Black, 46";Black;46;M ;Components;Mountain Frames;Each frame is hand-crafted in our Bothell facility to the optimum diameter and wall-thickness required of a premium mountain frame. The heat-treated welded aluminum frame has a larger diameter tube that absorbs the bumps.;HL Mountain Frame;Current
304;FR-M94B-38;"HL Mountain Frame - Black, 38";Black;38;M ;Components;Mountain Frames;Each frame is hand-crafted in our Bothell facility to the optimum diameter and wall-thickness required of a premium mountain frame. The heat-treated welded aluminum frame has a larger diameter tube that absorbs the bumps.;HL Mountain Frame;Outdate
305;FR-M94B-38;"HL Mountain Frame - Black, 38";Black;38;M ;Components;Mountain Frames;Each frame is hand-crafted in our Bothell facility to the optimum diameter and wall-thickness required of a premium mountain frame. The heat-treated welded aluminum frame has a larger diameter tube that absorbs the bumps.;HL Mountain Frame;Outdate
306;FR-M94B-38;"HL Mountain Frame - Black, 38";Black;38;M ;Components;Mountain Frames;Each frame is hand-crafted in our Bothell facility to the optimum diameter and wall-thickness required of a premium mountain frame. The heat-treated welded aluminum frame has a larger diameter tube that absorbs the bumps.;HL Mountain Frame;Current
307;FR-M94S-38;"HL Mountain Frame - Silver, 38";Silver;38;M ;Components;Mountain Frames;Each frame is hand-crafted in our Bothell facility to the optimum diameter and wall-thickness required of a premium mountain frame. The heat-treated welded aluminum frame has a larger diameter tube that absorbs the bumps.;HL Mountain Frame;Outdate
308;FR-M94S-38;"HL Mountain Frame - Silver, 38";Silver;38;M ;Components;Mountain Frames;Each frame is hand-crafted in our Bothell facility to the optimum diameter and wall-thickness required of a premium mountain frame. The heat-treated welded aluminum frame has a larger diameter tube that absorbs the bumps.;HL Mountain Frame;Outdate
309;FR-M94S-38;"HL Mountain Frame - Silver, 38";Silver;38;M ;Components;Mountain Frames;Each frame is hand-crafted in our Bothell facility to the optimum diameter and wall-thickness required of a premium mountain frame. The heat-treated welded aluminum frame has a larger diameter tube that absorbs the bumps.;HL Mountain Frame;Current
310;BK-R93R-62;"Road-150 Red, 62";Red;62;R ;Bikes;Road Bikes;"This bike is ridden by race winners. Developed with the Adventure Works Cycles professional race team, it has a extremely light heat-treated aluminum frame, and steering that allows precision control.";Road-150;Outdate
311;BK-R93R-44;"Road-150 Red, 44";Red;44;R ;Bikes;Road Bikes;"This bike is ridden by race winners. Developed with the Adventure Works Cycles professional race team, it has a extremely light heat-treated aluminum frame, and steering that allows precision control.";Road-150;Outdate
312;BK-R93R-48;"Road-150 Red, 48";Red;48;R ;Bikes;Road Bikes;"This bike is ridden by race winners. Developed with the Adventure Works Cycles professional race team, it has a extremely light heat-treated aluminum frame, and steering that allows precision control.";Road-150;Outdate
313;BK-R93R-52;"Road-150 Red, 52";Red;52;R ;Bikes;Road Bikes;"This bike is ridden by race winners. Developed with the Adventure Works Cycles professional race team, it has a extremely light heat-treated aluminum frame, and steering that allows precision control.";Road-150;Outdate
314;BK-R93R-56;"Road-150 Red, 56";Red;56;R ;Bikes;Road Bikes;"This bike is ridden by race winners. Developed with the Adventure Works Cycles professional race team, it has a extremely light heat-treated aluminum frame, and steering that allows precision control.";Road-150;Outdate
315;BK-R68R-58;"Road-450 Red, 58";Red;58;R ;Bikes;Road Bikes;"A true multi-sport bike that offers streamlined riding and a revolutionary design. Aerodynamic design lets you ride with the pros, and the gearing will conquer hilly roads.";Road-450;Outdate
316;BK-R68R-60;"Road-450 Red, 60";Red;60;R ;Bikes;Road Bikes;"A true multi-sport bike that offers streamlined riding and a revolutionary design. Aerodynamic design lets you ride with the pros, and the gearing will conquer hilly roads.";Road-450;Outdate
317;BK-R68R-44;"Road-450 Red, 44";Red;44;R ;Bikes;Road Bikes;"A true multi-sport bike that offers streamlined riding and a revolutionary design. Aerodynamic design lets you ride with the pros, and the gearing will conquer hilly roads.";Road-450;Outdate
318;BK-R68R-48;"Road-450 Red, 48";Red;48;R ;Bikes;Road Bikes;"A true multi-sport bike that offers streamlined riding and a revolutionary design. Aerodynamic design lets you ride with the pros, and the gearing will conquer hilly roads.";Road-450;Outdate
319;BK-R68R-52;"Road-450 Red, 52";Red;52;R ;Bikes;Road Bikes;"A true multi-sport bike that offers streamlined riding and a revolutionary design. Aerodynamic design lets you ride with the pros, and the gearing will conquer hilly roads.";Road-450;Outdate
320;BK-R50R-58;"Road-650 Red, 58";Red;58;R ;Bikes;Road Bikes;"Value-priced bike with many features of our top-of-the-line models. Has the same light, stiff frame, and the quick acceleration we're famous for.";Road-650;Outdate
321;BK-R50R-58;"Road-650 Red, 58";Red;58;R ;Bikes;Road Bikes;"Value-priced bike with many features of our top-of-the-line models. Has the same light, stiff frame, and the quick acceleration we're famous for.";Road-650;Outdate
322;BK-R50R-60;"Road-650 Red, 60";Red;60;R ;Bikes;Road Bikes;"Value-priced bike with many features of our top-of-the-line models. Has the same light, stiff frame, and the quick acceleration we're famous for.";Road-650;Outdate
323;BK-R50R-60;"Road-650 Red, 60";Red;60;R ;Bikes;Road Bikes;"Value-priced bike with many features of our top-of-the-line models. Has the same light, stiff frame, and the quick acceleration we're famous for.";Road-650;Outdate
324;BK-R50R-62;"Road-650 Red, 62";Red;62;R ;Bikes;Road Bikes;"Value-priced bike with many features of our top-of-the-line models. Has the same light, stiff frame, and the quick acceleration we're famous for.";Road-650;Outdate
325;BK-R50R-62;"Road-650 Red, 62";Red;62;R ;Bikes;Road Bikes;"Value-priced bike with many features of our top-of-the-line models. Has the same light, stiff frame, and the quick acceleration we're famous for.";Road-650;Outdate
326;BK-R50R-44;"Road-650 Red, 44";Red;44;R ;Bikes;Road Bikes;"Value-priced bike with many features of our top-of-the-line models. Has the same light, stiff frame, and the quick acceleration we're famous for.";Road-650;Outdate
327;BK-R50R-44;"Road-650 Red, 44";Red;44;R ;Bikes;Road Bikes;"Value-priced bike with many features of our top-of-the-line models. Has the same light, stiff frame, and the quick acceleration we're famous for.";Road-650;Outdate
328;BK-R50R-48;"Road-650 Red, 48";Red;48;R ;Bikes;Road Bikes;"Value-priced bike with many features of our top-of-the-line models. Has the same light, stiff frame, and the quick acceleration we're famous for.";Road-650;Outdate
329;BK-R50R-48;"Road-650 Red, 48";Red;48;R ;Bikes;Road Bikes;"Value-priced bike with many features of our top-of-the-line models. Has the same light, stiff frame, and the quick acceleration we're famous for.";Road-650;Outdate
330;BK-R50R-52;"Road-650 Red, 52";Red;52;R ;Bikes;Road Bikes;"Value-priced bike with many features of our top-of-the-line models. Has the same light, stiff frame, and the quick acceleration we're famous for.";Road-650;Outdate
331;BK-R50R-52;"Road-650 Red, 52";Red;52;R ;Bikes;Road Bikes;"Value-priced bike with many features of our top-of-the-line models. Has the same light, stiff frame, and the quick acceleration we're famous for.";Road-650;Outdate
332;BK-R50B-58;"Road-650 Black, 58";Black;58;R ;Bikes;Road Bikes;"Value-priced bike with many features of our top-of-the-line models. Has the same light, stiff frame, and the quick acceleration we're famous for.";Road-650;Outdate
333;BK-R50B-58;"Road-650 Black, 58";Black;58;R ;Bikes;Road Bikes;"Value-priced bike with many features of our top-of-the-line models. Has the same light, stiff frame, and the quick acceleration we're famous for.";Road-650;Outdate
334;BK-R50B-60;"Road-650 Black, 60";Black;60;R ;Bikes;Road Bikes;"Value-priced bike with many features of our top-of-the-line models. Has the same light, stiff frame, and the quick acceleration we're famous for.";Road-650;Outdate
335;BK-R50B-60;"Road-650 Black, 60";Black;60;R ;Bikes;Road Bikes;"Value-priced bike with many features of our top-of-the-line models. Has the same light, stiff frame, and the quick acceleration we're famous for.";Road-650;Outdate
336;BK-R50B-62;"Road-650 Black, 62";Black;62;R ;Bikes;Road Bikes;"Value-priced bike with many features of our top-of-the-line models. Has the same light, stiff frame, and the quick acceleration we're famous for.";Road-650;Outdate
337;BK-R50B-62;"Road-650 Black, 62";Black;62;R ;Bikes;Road Bikes;"Value-priced bike with many features of our top-of-the-line models. Has the same light, stiff frame, and the quick acceleration we're famous for.";Road-650;Outdate
338;BK-R50B-44;"Road-650 Black, 44";Black;44;R ;Bikes;Road Bikes;"Value-priced bike with many features of our top-of-the-line models. Has the same light, stiff frame, and the quick acceleration we're famous for.";Road-650;Outdate
339;BK-R50B-44;"Road-650 Black, 44";Black;44;R ;Bikes;Road Bikes;"Value-priced bike with many features of our top-of-the-line models. Has the same light, stiff frame, and the quick acceleration we're famous for.";Road-650;Outdate
340;BK-R50B-48;"Road-650 Black, 48";Black;48;R ;Bikes;Road Bikes;"Value-priced bike with many features of our top-of-the-line models. Has the same light, stiff frame, and the quick acceleration we're famous for.";Road-650;Outdate
341;BK-R50B-48;"Road-650 Black, 48";Black;48;R ;Bikes;Road Bikes;"Value-priced bike with many features of our top-of-the-line models. Has the same light, stiff frame, and the quick acceleration we're famous for.";Road-650;Outdate
342;BK-R50B-52;"Road-650 Black, 52";Black;52;R ;Bikes;Road Bikes;"Value-priced bike with many features of our top-of-the-line models. Has the same light, stiff frame, and the quick acceleration we're famous for.";Road-650;Outdate
343;BK-R50B-52;"Road-650 Black, 52";Black;52;R ;Bikes;Road Bikes;"Value-priced bike with many features of our top-of-the-line models. Has the same light, stiff frame, and the quick acceleration we're famous for.";Road-650;Outdate
344;BK-M82S-38;"Mountain-100 Silver, 38";Silver;38;M ;Bikes;Mountain Bikes;"Top-of-the-line competition mountain bike. Performance-enhancing options include the innovative HL Frame, super-smooth front suspension, and traction for all terrain.";Mountain-100;Outdate
345;BK-M82S-42;"Mountain-100 Silver, 42";Silver;42;M ;Bikes;Mountain Bikes;"Top-of-the-line competition mountain bike. Performance-enhancing options include the innovative HL Frame, super-smooth front suspension, and traction for all terrain.";Mountain-100;Outdate
346;BK-M82S-44;"Mountain-100 Silver, 44";Silver;44;M ;Bikes;Mountain Bikes;"Top-of-the-line competition mountain bike. Performance-enhancing options include the innovative HL Frame, super-smooth front suspension, and traction for all terrain.";Mountain-100;Outdate
347;BK-M82S-48;"Mountain-100 Silver, 48";Silver;48;M ;Bikes;Mountain Bikes;"Top-of-the-line competition mountain bike. Performance-enhancing options include the innovative HL Frame, super-smooth front suspension, and traction for all terrain.";Mountain-100;Outdate
348;BK-M82B-38;"Mountain-100 Black, 38";Black;38;M ;Bikes;Mountain Bikes;"Top-of-the-line competition mountain bike. Performance-enhancing options include the innovative HL Frame, super-smooth front suspension, and traction for all terrain.";Mountain-100;Outdate
349;BK-M82B-42;"Mountain-100 Black, 42";Black;42;M ;Bikes;Mountain Bikes;"Top-of-the-line competition mountain bike. Performance-enhancing options include the innovative HL Frame, super-smooth front suspension, and traction for all terrain.";Mountain-100;Outdate
350;BK-M82B-44;"Mountain-100 Black, 44";Black;44;M ;Bikes;Mountain Bikes;"Top-of-the-line competition mountain bike. Performance-enhancing options include the innovative HL Frame, super-smooth front suspension, and traction for all terrain.";Mountain-100;Outdate
351;BK-M82B-48;"Mountain-100 Black, 48";Black;48;M ;Bikes;Mountain Bikes;"Top-of-the-line competition mountain bike. Performance-enhancing options include the innovative HL Frame, super-smooth front suspension, and traction for all terrain.";Mountain-100;Outdate
352;BK-M68S-38;"Mountain-200 Silver, 38";Silver;38;M ;Bikes;Mountain Bikes;Serious back-country riding. Perfect for all levels of competition. Uses the same HL Frame as the Mountain-100.;Mountain-200;Outdate
353;BK-M68S-38;"Mountain-200 Silver, 38";Silver;38;M ;Bikes;Mountain Bikes;Serious back-country riding. Perfect for all levels of competition. Uses the same HL Frame as the Mountain-100.;Mountain-200;Current
354;BK-M68S-42;"Mountain-200 Silver, 42";Silver;42;M ;Bikes;Mountain Bikes;Serious back-country riding. Perfect for all levels of competition. Uses the same HL Frame as the Mountain-100.;Mountain-200;Outdate
355;BK-M68S-42;"Mountain-200 Silver, 42";Silver;42;M ;Bikes;Mountain Bikes;Serious back-country riding. Perfect for all levels of competition. Uses the same HL Frame as the Mountain-100.;Mountain-200;Current
356;BK-M68S-46;"Mountain-200 Silver, 46";Silver;46;M ;Bikes;Mountain Bikes;Serious back-country riding. Perfect for all levels of competition. Uses the same HL Frame as the Mountain-100.;Mountain-200;Outdate
357;BK-M68S-46;"Mountain-200 Silver, 46";Silver;46;M ;Bikes;Mountain Bikes;Serious back-country riding. Perfect for all levels of competition. Uses the same HL Frame as the Mountain-100.;Mountain-200;Current
358;BK-M68B-38;"Mountain-200 Black, 38";Black;38;M ;Bikes;Mountain Bikes;Serious back-country riding. Perfect for all levels of competition. Uses the same HL Frame as the Mountain-100.;Mountain-200;Outdate
359;BK-M68B-38;"Mountain-200 Black, 38";Black;38;M ;Bikes;Mountain Bikes;Serious back-country riding. Perfect for all levels of competition. Uses the same HL Frame as the Mountain-100.;Mountain-200;Current
360;BK-M68B-42;"Mountain-200 Black, 42";Black;42;M ;Bikes;Mountain Bikes;Serious back-country riding. Perfect for all levels of competition. Uses the same HL Frame as the Mountain-100.;Mountain-200;Outdate
361;BK-M68B-42;"Mountain-200 Black, 42";Black;42;M ;Bikes;Mountain Bikes;Serious back-country riding. Perfect for all levels of competition. Uses the same HL Frame as the Mountain-100.;Mountain-200;Current
362;BK-M68B-46;"Mountain-200 Black, 46";Black;46;M ;Bikes;Mountain Bikes;Serious back-country riding. Perfect for all levels of competition. Uses the same HL Frame as the Mountain-100.;Mountain-200;Outdate
363;BK-M68B-46;"Mountain-200 Black, 46";Black;46;M ;Bikes;Mountain Bikes;Serious back-country riding. Perfect for all levels of competition. Uses the same HL Frame as the Mountain-100.;Mountain-200;Current
364;BK-M47B-38;"Mountain-300 Black, 38";Black;38;M ;Bikes;Mountain Bikes;For true trail addicts.  An extremely durable bike that will go anywhere and keep you in control on challenging terrain - without breaking your budget.;Mountain-300;Outdate
365;BK-M47B-40;"Mountain-300 Black, 40";Black;40;M ;Bikes;Mountain Bikes;For true trail addicts.  An extremely durable bike that will go anywhere and keep you in control on challenging terrain - without breaking your budget.;Mountain-300;Outdate
366;BK-M47B-44;"Mountain-300 Black, 44";Black;44;M ;Bikes;Mountain Bikes;For true trail addicts.  An extremely durable bike that will go anywhere and keep you in control on challenging terrain - without breaking your budget.;Mountain-300;Outdate
367;BK-M47B-48;"Mountain-300 Black, 48";Black;48;M ;Bikes;Mountain Bikes;For true trail addicts.  An extremely durable bike that will go anywhere and keep you in control on challenging terrain - without breaking your budget.;Mountain-300;Outdate
368;BK-R89R-44;"Road-250 Red, 44";Red;44;R ;Bikes;Road Bikes;"Alluminum-alloy frame provides a light, stiff ride, whether you are racing in the velodrome or on a demanding club ride on country roads.";Road-250;Outdate
369;BK-R89R-48;"Road-250 Red, 48";Red;48;R ;Bikes;Road Bikes;"Alluminum-alloy frame provides a light, stiff ride, whether you are racing in the velodrome or on a demanding club ride on country roads.";Road-250;Outdate
370;BK-R89R-52;"Road-250 Red, 52";Red;52;R ;Bikes;Road Bikes;"Alluminum-alloy frame provides a light, stiff ride, whether you are racing in the velodrome or on a demanding club ride on country roads.";Road-250;Outdate
371;BK-R89R-58;"Road-250 Red, 58";Red;58;R ;Bikes;Road Bikes;"Alluminum-alloy frame provides a light, stiff ride, whether you are racing in the velodrome or on a demanding club ride on country roads.";Road-250;Outdate
372;BK-R89R-58;"Road-250 Red, 58";Red;58;R ;Bikes;Road Bikes;"Alluminum-alloy frame provides a light, stiff ride, whether you are racing in the velodrome or on a demanding club ride on country roads.";Road-250;Current
373;BK-R89B-44;"Road-250 Black, 44";Black;44;R ;Bikes;Road Bikes;"Alluminum-alloy frame provides a light, stiff ride, whether you are racing in the velodrome or on a demanding club ride on country roads.";Road-250;Outdate
374;BK-R89B-44;"Road-250 Black, 44";Black;44;R ;Bikes;Road Bikes;"Alluminum-alloy frame provides a light, stiff ride, whether you are racing in the velodrome or on a demanding club ride on country roads.";Road-250;Current
375;BK-R89B-48;"Road-250 Black, 48";Black;48;R ;Bikes;Road Bikes;"Alluminum-alloy frame provides a light, stiff ride, whether you are racing in the velodrome or on a demanding club ride on country roads.";Road-250;Outdate
376;BK-R89B-48;"Road-250 Black, 48";Black;48;R ;Bikes;Road Bikes;"Alluminum-alloy frame provides a light, stiff ride, whether you are racing in the velodrome or on a demanding club ride on country roads.";Road-250;Current
377;BK-R89B-52;"Road-250 Black, 52";Black;52;R ;Bikes;Road Bikes;"Alluminum-alloy frame provides a light, stiff ride, whether you are racing in the velodrome or on a demanding club ride on country roads.";Road-250;Outdate
378;BK-R89B-52;"Road-250 Black, 52";Black;52;R ;Bikes;Road Bikes;"Alluminum-alloy frame provides a light, stiff ride, whether you are racing in the velodrome or on a demanding club ride on country roads.";Road-250;Current
379;BK-R89B-58;"Road-250 Black, 58";Black;58;R ;Bikes;Road Bikes;"Alluminum-alloy frame provides a light, stiff ride, whether you are racing in the velodrome or on a demanding club ride on country roads.";Road-250;Outdate
380;BK-R89B-58;"Road-250 Black, 58";Black;58;R ;Bikes;Road Bikes;"Alluminum-alloy frame provides a light, stiff ride, whether you are racing in the velodrome or on a demanding club ride on country roads.";Road-250;Current
381;BK-R64Y-38;"Road-550-W Yellow, 38";Yellow;38;R ;Bikes;Road Bikes;"Same technology as all of our Road series bikes, but the frame is sized for a woman.  Perfect all-around bike for road or racing.";Road-550-W;Outdate
382;BK-R64Y-38;"Road-550-W Yellow, 38";Yellow;38;R ;Bikes;Road Bikes;"Same technology as all of our Road series bikes, but the frame is sized for a woman.  Perfect all-around bike for road or racing.";Road-550-W;Current
383;BK-R64Y-40;"Road-550-W Yellow, 40";Yellow;40;R ;Bikes;Road Bikes;"Same technology as all of our Road series bikes, but the frame is sized for a woman.  Perfect all-around bike for road or racing.";Road-550-W;Outdate
384;BK-R64Y-40;"Road-550-W Yellow, 40";Yellow;40;R ;Bikes;Road Bikes;"Same technology as all of our Road series bikes, but the frame is sized for a woman.  Perfect all-around bike for road or racing.";Road-550-W;Current
385;BK-R64Y-42;"Road-550-W Yellow, 42";Yellow;42;R ;Bikes;Road Bikes;"Same technology as all of our Road series bikes, but the frame is sized for a woman.  Perfect all-around bike for road or racing.";Road-550-W;Outdate
386;BK-R64Y-42;"Road-550-W Yellow, 42";Yellow;42;R ;Bikes;Road Bikes;"Same technology as all of our Road series bikes, but the frame is sized for a woman.  Perfect all-around bike for road or racing.";Road-550-W;Current
387;BK-R64Y-44;"Road-550-W Yellow, 44";Yellow;44;R ;Bikes;Road Bikes;"Same technology as all of our Road series bikes, but the frame is sized for a woman.  Perfect all-around bike for road or racing.";Road-550-W;Outdate
388;BK-R64Y-44;"Road-550-W Yellow, 44";Yellow;44;R ;Bikes;Road Bikes;"Same technology as all of our Road series bikes, but the frame is sized for a woman.  Perfect all-around bike for road or racing.";Road-550-W;Current
389;BK-R64Y-48;"Road-550-W Yellow, 48";Yellow;48;R ;Bikes;Road Bikes;"Same technology as all of our Road series bikes, but the frame is sized for a woman.  Perfect all-around bike for road or racing.";Road-550-W;Outdate
390;BK-R64Y-48;"Road-550-W Yellow, 48";Yellow;48;R ;Bikes;Road Bikes;"Same technology as all of our Road series bikes, but the frame is sized for a woman.  Perfect all-around bike for road or racing.";Road-550-W;Current
391;FK-1639;LL Fork;NA;NULL;NULL;Components;Forks;Stout design absorbs shock and offers more precise steering.;LL Fork;Outdate
392;FK-5136;ML Fork;NA;NULL;NULL;Components;Forks;Composite road fork with an aluminum steerer tube.;ML Fork;Outdate
393;FK-9939;HL Fork;NA;NULL;NULL;Components;Forks;High-performance carbon road fork with curved legs.;HL Fork;Outdate
394;HS-0296;LL Headset;NA;NULL;NULL;Components;Headsets;Threadless headset provides quality at an economical price.;LL Headset;Outdate
395;HS-2451;ML Headset;NA;NULL;NULL;Components;Headsets;Sealed cartridge keeps dirt out.;ML Headset;Outdate
396;HS-3479;HL Headset;NA;NULL;NULL;Components;Headsets;High-quality 1" threadless headset with a grease port for quick lubrication.;HL Headset;Outdate
397;HB-M243;LL Mountain Handlebars;NA;NULL;M ;Components;Handlebars;All-purpose bar for on or off-road.;LL Mountain Handlebars;Outdate
398;HB-M243;LL Mountain Handlebars;NA;NULL;M ;Components;Handlebars;All-purpose bar for on or off-road.;LL Mountain Handlebars;Current
399;HB-M763;ML Mountain Handlebars;NA;NULL;M ;Components;Handlebars;Tough aluminum alloy bars for downhill.;ML Mountain Handlebars;Outdate
400;HB-M763;ML Mountain Handlebars;NA;NULL;M ;Components;Handlebars;Tough aluminum alloy bars for downhill.;ML Mountain Handlebars;Current
401;HB-M918;HL Mountain Handlebars;NA;NULL;M ;Components;Handlebars;Flat bar strong enough for the pro circuit.;HL Mountain Handlebars;Outdate
402;HB-M918;HL Mountain Handlebars;NA;NULL;M ;Components;Handlebars;Flat bar strong enough for the pro circuit.;HL Mountain Handlebars;Current
403;HB-R504;LL Road Handlebars;NA;NULL;R ;Components;Handlebars;Unique shape provides easier reach to the levers.;LL Road Handlebars;Outdate
404;HB-R504;LL Road Handlebars;NA;NULL;R ;Components;Handlebars;Unique shape provides easier reach to the levers.;LL Road Handlebars;Current
405;HB-R720;ML Road Handlebars;NA;NULL;R ;Components;Handlebars;Anatomically shaped aluminum tube bar will suit all riders.;ML Road Handlebars;Outdate
406;HB-R720;ML Road Handlebars;NA;NULL;R ;Components;Handlebars;Anatomically shaped aluminum tube bar will suit all riders.;ML Road Handlebars;Current
407;HB-R956;HL Road Handlebars;NA;NULL;R ;Components;Handlebars;"Designed for racers; high-end anatomically shaped bar from aluminum alloy.";HL Road Handlebars;Outdate
408;HB-R956;HL Road Handlebars;NA;NULL;R ;Components;Handlebars;"Designed for racers; high-end anatomically shaped bar from aluminum alloy.";HL Road Handlebars;Current
409;FR-M63B-38;"ML Mountain Frame - Black, 38";Black;38;M ;Components;Mountain Frames;The ML frame is a heat-treated aluminum frame made with the same detail and quality as our HL frame. It offers superior performance. Men's version.;ML Mountain Frame-W;Outdate
410;FW-M423;LL Mountain Front Wheel;Black;NULL;M ;Components;Wheels;Replacement mountain wheel for entry-level rider.;LL Mountain Front Wheel;Outdate
411;FW-M762;ML Mountain Front Wheel;Black;NULL;M ;Components;Wheels;Replacement mountain wheel for the casual to serious rider.;ML Mountain Front Wheel;Outdate
412;FW-M928;HL Mountain Front Wheel;Black;NULL;M ;Components;Wheels;High-performance mountain replacement wheel.;HL Mountain Front Wheel;Outdate
413;FW-R623;LL Road Front Wheel;Black;NULL;R ;Components;Wheels;Replacement road front wheel for entry-level cyclist.;LL Road Front Wheel;Outdate
414;FW-R762;ML Road Front Wheel;Black;NULL;R ;Components;Wheels;Sturdy alloy features a quick-release hub.;ML Road Front Wheel;Outdate
415;FW-R820;HL Road Front Wheel;Black;NULL;R ;Components;Wheels;Strong wheel with double-walled rim.;HL Road Front Wheel;Outdate
416;FW-T905;Touring Front Wheel;Black;NULL;T ;Components;Wheels;Aerodynamic rims for smooth riding.;Touring Front Wheel;Outdate
417;FR-R72Y-38;"ML Road Frame-W - Yellow, 38";Yellow;38;R ;Components;Road Frames;"Made from the same aluminum alloy as our top-of-the line HL frame, the ML features a lightweight down-tube milled to the perfect diameter for optimal strength. Women's version.";ML Road Frame-W;Outdate
418;FR-R72Y-38;"ML Road Frame-W - Yellow, 38";Yellow;38;R ;Components;Road Frames;"Made from the same aluminum alloy as our top-of-the line HL frame, the ML features a lightweight down-tube milled to the perfect diameter for optimal strength. Women's version.";ML Road Frame-W;Current
419;RW-M423;LL Mountain Rear Wheel;Black;NULL;M ;Components;Wheels;Replacement mountain wheel for entry-level rider.;LL Mountain Rear Wheel;Outdate
420;RW-M762;ML Mountain Rear Wheel;Black;NULL;M ;Components;Wheels;Replacement mountain wheel for the casual to serious rider.;ML Mountain Rear Wheel;Outdate
421;RW-M928;HL Mountain Rear Wheel;Black;NULL;M ;Components;Wheels;High-performance mountain replacement wheel.;HL Mountain Rear Wheel;Outdate
422;RW-R623;LL Road Rear Wheel;Black;NULL;R ;Components;Wheels;Replacement road rear wheel for entry-level cyclist.;LL Road Rear Wheel;Outdate
423;RW-R762;ML Road Rear Wheel;Black;NULL;R ;Components;Wheels;"Aluminum alloy rim with stainless steel spokes; built for speed.";ML Road Rear Wheel;Outdate
424;RW-R820;HL Road Rear Wheel;Black;NULL;R ;Components;Wheels;Strong rear wheel with double-walled rim.;HL Road Rear Wheel;Outdate
425;RW-T905;Touring Rear Wheel;Black;NULL;T ;Components;Wheels;Excellent aerodynamic rims guarantee a smooth ride.;Touring Rear Wheel;Outdate
426;FR-M63B-40;"ML Mountain Frame - Black, 40";Black;40;M ;Components;Mountain Frames;The ML frame is a heat-treated aluminum frame made with the same detail and quality as our HL frame. It offers superior performance. Women's version.;ML Mountain Frame;Outdate
427;FR-M63B-44;"ML Mountain Frame - Black, 44";Black;44;M ;Components;Mountain Frames;The ML frame is a heat-treated aluminum frame made with the same detail and quality as our HL frame. It offers superior performance. Women's version.;ML Mountain Frame;Outdate
428;FR-M63B-48;"ML Mountain Frame - Black, 48";Black;48;M ;Components;Mountain Frames;The ML frame is a heat-treated aluminum frame made with the same detail and quality as our HL frame. It offers superior performance. Women's version.;ML Mountain Frame;Outdate
429;FR-R72Y-40;"ML Road Frame-W - Yellow, 40";Yellow;40;R ;Components;Road Frames;"Made from the same aluminum alloy as our top-of-the line HL frame, the ML features a lightweight down-tube milled to the perfect diameter for optimal strength. Women's version.";ML Road Frame-W;Outdate
430;FR-R72Y-40;"ML Road Frame-W - Yellow, 40";Yellow;40;R ;Components;Road Frames;"Made from the same aluminum alloy as our top-of-the line HL frame, the ML features a lightweight down-tube milled to the perfect diameter for optimal strength. Women's version.";ML Road Frame-W;Current
431;FR-R72Y-42;"ML Road Frame-W - Yellow, 42";Yellow;42;R ;Components;Road Frames;"Made from the same aluminum alloy as our top-of-the line HL frame, the ML features a lightweight down-tube milled to the perfect diameter for optimal strength. Women's version.";ML Road Frame-W;Outdate
432;FR-R72Y-42;"ML Road Frame-W - Yellow, 42";Yellow;42;R ;Components;Road Frames;"Made from the same aluminum alloy as our top-of-the line HL frame, the ML features a lightweight down-tube milled to the perfect diameter for optimal strength. Women's version.";ML Road Frame-W;Current
433;FR-R72Y-44;"ML Road Frame-W - Yellow, 44";Yellow;44;R ;Components;Road Frames;"Made from the same aluminum alloy as our top-of-the line HL frame, the ML features a lightweight down-tube milled to the perfect diameter for optimal strength. Women's version.";ML Road Frame-W;Outdate
434;FR-R72Y-44;"ML Road Frame-W - Yellow, 44";Yellow;44;R ;Components;Road Frames;"Made from the same aluminum alloy as our top-of-the line HL frame, the ML features a lightweight down-tube milled to the perfect diameter for optimal strength. Women's version.";ML Road Frame-W;Current
435;FR-R72Y-48;"ML Road Frame-W - Yellow, 48";Yellow;48;R ;Components;Road Frames;"Made from the same aluminum alloy as our top-of-the line HL frame, the ML features a lightweight down-tube milled to the perfect diameter for optimal strength. Women's version.";ML Road Frame-W;Outdate
436;FR-R72Y-48;"ML Road Frame-W - Yellow, 48";Yellow;48;R ;Components;Road Frames;"Made from the same aluminum alloy as our top-of-the line HL frame, the ML features a lightweight down-tube milled to the perfect diameter for optimal strength. Women's version.";ML Road Frame-W;Current
437;FR-R92B-62;"HL Road Frame - Black, 62";Black;62;R ;Components;Road Frames;"Our lightest and best quality aluminum frame made from the newest alloy; it is welded and heat-treated for strength. Our innovative design results in maximum comfort and performance.";HL Road Frame;Outdate
438;FR-R92B-62;"HL Road Frame - Black, 62";Black;62;R ;Components;Road Frames;"Our lightest and best quality aluminum frame made from the newest alloy; it is welded and heat-treated for strength. Our innovative design results in maximum comfort and performance.";HL Road Frame;Current
439;FR-R92B-44;"HL Road Frame - Black, 44";Black;44;R ;Components;Road Frames;"Our lightest and best quality aluminum frame made from the newest alloy; it is welded and heat-treated for strength. Our innovative design results in maximum comfort and performance.";HL Road Frame;Outdate
440;FR-R92B-44;"HL Road Frame - Black, 44";Black;44;R ;Components;Road Frames;"Our lightest and best quality aluminum frame made from the newest alloy; it is welded and heat-treated for strength. Our innovative design results in maximum comfort and performance.";HL Road Frame;Current
441;FR-R92B-48;"HL Road Frame - Black, 48";Black;48;R ;Components;Road Frames;"Our lightest and best quality aluminum frame made from the newest alloy; it is welded and heat-treated for strength. Our innovative design results in maximum comfort and performance.";HL Road Frame;Outdate
442;FR-R92B-48;"HL Road Frame - Black, 48";Black;48;R ;Components;Road Frames;"Our lightest and best quality aluminum frame made from the newest alloy; it is welded and heat-treated for strength. Our innovative design results in maximum comfort and performance.";HL Road Frame;Current
443;FR-R92B-52;"HL Road Frame - Black, 52";Black;52;R ;Components;Road Frames;"Our lightest and best quality aluminum frame made from the newest alloy; it is welded and heat-treated for strength. Our innovative design results in maximum comfort and performance.";HL Road Frame;Outdate
444;FR-R92B-52;"HL Road Frame - Black, 52";Black;52;R ;Components;Road Frames;"Our lightest and best quality aluminum frame made from the newest alloy; it is welded and heat-treated for strength. Our innovative design results in maximum comfort and performance.";HL Road Frame;Current
445;SH-M897-S;"Men's Sports Shorts, S";Black;S;S ;Clothing;Shorts;Men's 8-panel racing shorts - lycra with an elastic waistband and leg grippers.;Men's Sports Shorts;Outdate
446;PA-T100;"Touring-Panniers, Large";Grey;NULL;T ;Accessories;Panniers;"Durable, water-proof nylon construction with easy access. Large enough for weekend trips.";Touring-Panniers;Outdate
447;LO-C100;Cable Lock;NA;NULL;S ;Accessories;Locks;"Wraps to fit front and rear tires, carrier and 2 keys included.";Cable Lock;Outdate
448;PU-0452;Minipump;NA;NULL;S ;Accessories;Pumps;Designed for convenience. Fits in your pocket. Aluminum barrel. 160psi rated.;Minipump;Outdate
449;PU-M044;Mountain Pump;NA;NULL;M ;Accessories;Pumps;Simple and light-weight. Emergency patches stored in handle.;Mountain Pump;Outdate
450;LT-T990;Taillights - Battery-Powered;NA;NULL;R ;Accessories;Lights;Affordable light for safe night riding - uses 3 AAA batteries;Taillight;Outdate
451;LT-H902;Headlights - Dual-Beam;NA;NULL;R ;Accessories;Lights;Rechargeable dual-beam headlight.;Headlights - Dual-Beam;Outdate
452;LT-H903;Headlights - Weatherproof;NA;NULL;R ;Accessories;Lights;Rugged weatherproof headlight.;Headlights - Weatherproof;Outdate
453;SH-M897-M;"Men's Sports Shorts, M";Black;M;S ;Clothing;Shorts;Men's 8-panel racing shorts - lycra with an elastic waistband and leg grippers.;Men's Sports Shorts;Outdate
454;SH-M897-L;"Men's Sports Shorts, L";Black;L;S ;Clothing;Shorts;Men's 8-panel racing shorts - lycra with an elastic waistband and leg grippers.;Men's Sports Shorts;Outdate
455;SH-M897-X;"Men's Sports Shorts, XL";Black;XL;S ;Clothing;Shorts;Men's 8-panel racing shorts - lycra with an elastic waistband and leg grippers.;Men's Sports Shorts;Outdate
456;TG-W091-S;"Women's Tights, S";Black;S;S ;Clothing;Tights;"Warm spandex tights for winter riding; seamless chamois construction eliminates pressure points.";Women's Tights;Outdate
457;TG-W091-M;"Women's Tights, M";Black;M;S ;Clothing;Tights;"Warm spandex tights for winter riding; seamless chamois construction eliminates pressure points.";Women's Tights;Outdate
458;TG-W091-L;"Women's Tights, L";Black;L;S ;Clothing;Tights;"Warm spandex tights for winter riding; seamless chamois construction eliminates pressure points.";Women's Tights;Outdate
459;SB-M891-S;"Men's Bib-Shorts, S";Multi;S;S ;Clothing;Bib-Shorts;"Designed for the AWC team with stay-put straps, moisture-control, chamois padding, and leg grippers.";Men's Bib-Shorts;Outdate
460;SB-M891-M;"Men's Bib-Shorts, M";Multi;M;S ;Clothing;Bib-Shorts;"Designed for the AWC team with stay-put straps, moisture-control, chamois padding, and leg grippers.";Men's Bib-Shorts;Outdate
461;SB-M891-L;"Men's Bib-Shorts, L";Multi;L;S ;Clothing;Bib-Shorts;"Designed for the AWC team with stay-put straps, moisture-control, chamois padding, and leg grippers.";Men's Bib-Shorts;Outdate
462;GL-H102-S;"Half-Finger Gloves, S";Black;S;S ;Clothing;Gloves;"Full padding, improved finger flex, durable palm, adjustable closure.";Half-Finger Gloves;Outdate
463;GL-H102-S;"Half-Finger Gloves, S";Black;S;S ;Clothing;Gloves;"Full padding, improved finger flex, durable palm, adjustable closure.";Half-Finger Gloves;Current
464;GL-H102-M;"Half-Finger Gloves, M";Black;M;S ;Clothing;Gloves;"Full padding, improved finger flex, durable palm, adjustable closure.";Half-Finger Gloves;Outdate
465;GL-H102-M;"Half-Finger Gloves, M";Black;M;S ;Clothing;Gloves;"Full padding, improved finger flex, durable palm, adjustable closure.";Half-Finger Gloves;Current
466;GL-H102-L;"Half-Finger Gloves, L";Black;L;S ;Clothing;Gloves;"Full padding, improved finger flex, durable palm, adjustable closure.";Half-Finger Gloves;Outdate
467;GL-H102-L;"Half-Finger Gloves, L";Black;L;S ;Clothing;Gloves;"Full padding, improved finger flex, durable palm, adjustable closure.";Half-Finger Gloves;Current
468;GL-F110-S;"Full-Finger Gloves, S";Black;S;M ;Clothing;Gloves;"Synthetic palm, flexible knuckles, breathable mesh upper. Worn by the AWC team riders.";Full-Finger Gloves;Outdate
469;GL-F110-M;"Full-Finger Gloves, M";Black;M;M ;Clothing;Gloves;"Synthetic palm, flexible knuckles, breathable mesh upper. Worn by the AWC team riders.";Full-Finger Gloves;Outdate
470;GL-F110-L;"Full-Finger Gloves, L";Black;L;M ;Clothing;Gloves;"Synthetic palm, flexible knuckles, breathable mesh upper. Worn by the AWC team riders.";Full-Finger Gloves;Outdate
471;VE-C304-S;"Classic Vest, S";Blue;S;S ;Clothing;Vests;"Light-weight, wind-resistant, packs to fit into a pocket.";Classic Vest;Current
472;VE-C304-M;"Classic Vest, M";Blue;M;S ;Clothing;Vests;"Light-weight, wind-resistant, packs to fit into a pocket.";Classic Vest;Current
473;VE-C304-L;"Classic Vest, L";Blue;L;S ;Clothing;Vests;"Light-weight, wind-resistant, packs to fit into a pocket.";Classic Vest;Current
474;SH-W890-S;"Women's Mountain Shorts, S";Black;S;M ;Clothing;Shorts;"Heavy duty, abrasion-resistant shorts feature seamless, lycra inner shorts with anti-bacterial chamois for comfort.";Women's Mountain Shorts;Current
475;SH-W890-M;"Women's Mountain Shorts, M";Black;M;M ;Clothing;Shorts;"Heavy duty, abrasion-resistant shorts feature seamless, lycra inner shorts with anti-bacterial chamois for comfort.";Women's Mountain Shorts;Current
476;SH-W890-L;"Women's Mountain Shorts, L";Black;L;M ;Clothing;Shorts;"Heavy duty, abrasion-resistant shorts feature seamless, lycra inner shorts with anti-bacterial chamois for comfort.";Women's Mountain Shorts;Current
477;WB-H098;Water Bottle - 30 oz.;NA;NULL;S ;Accessories;Bottles and Cages;"AWC logo water bottle - holds 30 oz; leak-proof.";Water Bottle;Current
478;BC-M005;Mountain Bottle Cage;NA;NULL;M ;Accessories;Bottles and Cages;Tough aluminum cage holds bottle securly on tough terrain.;Mountain Bottle Cage;Current
479;BC-R205;Road Bottle Cage;NA;NULL;R ;Accessories;Bottles and Cages;"Aluminum cage is lighter than our mountain version; perfect for long distance trips.";Road Bottle Cage;Current
480;PK-7098;Patch Kit/8 Patches;NA;NULL;S ;Accessories;Tires and Tubes;"Includes 8 different size patches, glue and sandpaper.";Patch kit;Current
481;SO-R809-M;"Racing Socks, M";White;M;R ;Clothing;Socks;"Thin, lightweight and durable with cuffs that stay up.";Racing Socks;Current
482;SO-R809-L;"Racing Socks, L";White;L;R ;Clothing;Socks;"Thin, lightweight and durable with cuffs that stay up.";Racing Socks;Current
483;RA-H123;Hitch Rack - 4-Bike;NA;NULL;S ;Accessories;Bike Racks;"Carries 4 bikes securely; steel construction, fits 2"" receiver hitch.";Hitch Rack - 4-Bike;Current
484;CL-9009;Bike Wash - Dissolver;NA;NULL;S ;Accessories;Cleaners;"Washes off the toughest road grime; dissolves grease, environmentally safe. 1-liter bottle.";Bike Wash;Current
485;FE-6654;Fender Set - Mountain;NA;NULL;M ;Accessories;Fenders;Clip-on fenders fit most mountain bikes.;Fender Set - Mountain;Current
486;ST-1401;All-Purpose Bike Stand;NA;NULL;M ;Accessories;Bike Stands;Perfect all-purpose bike stand for working on your bike at home. Quick-adjusting clamps and steel construction.;All-Purpose Bike Stand;Current
487;HY-1023-70;Hydration Pack - 70 oz.;Silver;70;S ;Accessories;Hydration Packs;"Versatile 70 oz hydration pack offers extra storage, easy-fill access, and a waist belt.";Hydration Pack;Current
488;SJ-0194-S;"Short-Sleeve Classic Jersey, S";Yellow;S;S ;Clothing;Jerseys;"Short sleeve classic breathable jersey with superior moisture control, front zipper, and 3 back pockets.";Short-Sleeve Classic Jersey;Current
489;SJ-0194-M;"Short-Sleeve Classic Jersey, M";Yellow;M;S ;Clothing;Jerseys;"Short sleeve classic breathable jersey with superior moisture control, front zipper, and 3 back pockets.";Short-Sleeve Classic Jersey;Current
490;SJ-0194-L;"Short-Sleeve Classic Jersey, L";Yellow;L;S ;Clothing;Jerseys;"Short sleeve classic breathable jersey with superior moisture control, front zipper, and 3 back pockets.";Short-Sleeve Classic Jersey;Current
491;SJ-0194-X;"Short-Sleeve Classic Jersey, XL";Yellow;XL;S ;Clothing;Jerseys;"Short sleeve classic breathable jersey with superior moisture control, front zipper, and 3 back pockets.";Short-Sleeve Classic Jersey;Current
492;FR-T98Y-60;"HL Touring Frame - Yellow, 60";Yellow;60;T ;Components;Touring Frames;"The HL aluminum frame is custom-shaped for both good looks and strength; it will withstand the most rigorous challenges of daily riding. Men's version.";HL Touring Frame;Current
493;FR-T67Y-62;"LL Touring Frame - Yellow, 62";Yellow;62;T ;Components;Touring Frames;Lightweight butted aluminum frame provides a more upright riding position for a trip around town.  Our ground-breaking design provides optimum comfort.;LL Touring Frame;Current
494;FR-T98Y-46;"HL Touring Frame - Yellow, 46";Yellow;46;T ;Components;Touring Frames;"The HL aluminum frame is custom-shaped for both good looks and strength; it will withstand the most rigorous challenges of daily riding. Men's version.";HL Touring Frame;Current
495;FR-T98Y-50;"HL Touring Frame - Yellow, 50";Yellow;50;T ;Components;Touring Frames;"The HL aluminum frame is custom-shaped for both good looks and strength; it will withstand the most rigorous challenges of daily riding. Men's version.";HL Touring Frame;Current
496;FR-T98Y-54;"HL Touring Frame - Yellow, 54";Yellow;54;T ;Components;Touring Frames;"The HL aluminum frame is custom-shaped for both good looks and strength; it will withstand the most rigorous challenges of daily riding. Men's version.";HL Touring Frame;Current
497;FR-T98U-46;"HL Touring Frame - Blue, 46";Blue;46;T ;Components;Touring Frames;"The HL aluminum frame is custom-shaped for both good looks and strength; it will withstand the most rigorous challenges of daily riding. Men's version.";HL Touring Frame;Current
498;FR-T98U-50;"HL Touring Frame - Blue, 50";Blue;50;T ;Components;Touring Frames;"The HL aluminum frame is custom-shaped for both good looks and strength; it will withstand the most rigorous challenges of daily riding. Men's version.";HL Touring Frame;Current
499;FR-T98U-54;"HL Touring Frame - Blue, 54";Blue;54;T ;Components;Touring Frames;"The HL aluminum frame is custom-shaped for both good looks and strength; it will withstand the most rigorous challenges of daily riding. Men's version.";HL Touring Frame;Current
500;FR-T98U-60;"HL Touring Frame - Blue, 60";Blue;60;T ;Components;Touring Frames;"The HL aluminum frame is custom-shaped for both good looks and strength; it will withstand the most rigorous challenges of daily riding. Men's version.";HL Touring Frame;Current
501;RD-2308;Rear Derailleur;Silver;NULL;NULL;Components;Derailleurs;Wide-link design.;Rear Derailleur;Current
502;FR-T67U-50;"LL Touring Frame - Blue, 50";Blue;50;T ;Components;Touring Frames;Lightweight butted aluminum frame provides a more upright riding position for a trip around town.  Our ground-breaking design provides optimum comfort.;LL Touring Frame;Current
503;FR-T67U-54;"LL Touring Frame - Blue, 54";Blue;54;T ;Components;Touring Frames;Lightweight butted aluminum frame provides a more upright riding position for a trip around town.  Our ground-breaking design provides optimum comfort.;LL Touring Frame;Current
504;FR-T67U-58;"LL Touring Frame - Blue, 58";Blue;58;T ;Components;Touring Frames;Lightweight butted aluminum frame provides a more upright riding position for a trip around town.  Our ground-breaking design provides optimum comfort.;LL Touring Frame;Current
505;FR-T67U-62;"LL Touring Frame - Blue, 62";Blue;62;T ;Components;Touring Frames;Lightweight butted aluminum frame provides a more upright riding position for a trip around town.  Our ground-breaking design provides optimum comfort.;LL Touring Frame;Current
506;FR-T67Y-44;"LL Touring Frame - Yellow, 44";Yellow;44;T ;Components;Touring Frames;Lightweight butted aluminum frame provides a more upright riding position for a trip around town.  Our ground-breaking design provides optimum comfort.;LL Touring Frame;Current
507;FR-T67Y-50;"LL Touring Frame - Yellow, 50";Yellow;50;T ;Components;Touring Frames;Lightweight butted aluminum frame provides a more upright riding position for a trip around town.  Our ground-breaking design provides optimum comfort.;LL Touring Frame;Current
508;FR-T67Y-54;"LL Touring Frame - Yellow, 54";Yellow;54;T ;Components;Touring Frames;Lightweight butted aluminum frame provides a more upright riding position for a trip around town.  Our ground-breaking design provides optimum comfort.;LL Touring Frame;Current
509;FR-T67Y-58;"LL Touring Frame - Yellow, 58";Yellow;58;T ;Components;Touring Frames;Lightweight butted aluminum frame provides a more upright riding position for a trip around town.  Our ground-breaking design provides optimum comfort.;LL Touring Frame;Current
510;FR-T67U-44;"LL Touring Frame - Blue, 44";Blue;44;T ;Components;Touring Frames;Lightweight butted aluminum frame provides a more upright riding position for a trip around town.  Our ground-breaking design provides optimum comfort.;LL Touring Frame;Current
511;FR-M63S-40;"ML Mountain Frame-W - Silver, 40";Silver;40;M ;Components;Mountain Frames;The ML frame is a heat-treated aluminum frame made with the same detail and quality as our HL frame. It offers superior performance. Men's version.;ML Mountain Frame-W;Current
512;FR-M63S-42;"ML Mountain Frame-W - Silver, 42";Silver;42;M ;Components;Mountain Frames;The ML frame is a heat-treated aluminum frame made with the same detail and quality as our HL frame. It offers superior performance. Men's version.;ML Mountain Frame-W;Current
513;FR-M63S-46;"ML Mountain Frame-W - Silver, 46";Silver;46;M ;Components;Mountain Frames;The ML frame is a heat-treated aluminum frame made with the same detail and quality as our HL frame. It offers superior performance. Men's version.;ML Mountain Frame-W;Current
514;RB-9231;Rear Brakes;Silver;NULL;NULL;Components;Brakes;NULL;Rear Brakes;Current
515;SE-M236;LL Mountain Seat/Saddle;NA;NULL;M ;Components;Saddles;Synthetic leather. Features gel for increased comfort.;LL Mountain Seat/Saddle 2;Current
516;SE-M798;ML Mountain Seat/Saddle;NA;NULL;M ;Components;Saddles;Designed to absorb shock.;ML Mountain Seat/Saddle 2;Current
517;SE-M940;HL Mountain Seat/Saddle;NA;NULL;M ;Components;Saddles;Anatomic design for a full-day of riding in comfort. Durable leather.;HL Mountain Seat/Saddle 2;Current
518;SE-R581;LL Road Seat/Saddle;NA;NULL;R ;Components;Saddles;Lightweight foam-padded saddle.;LL Road Seat/Saddle 1;Current
519;SE-R908;ML Road Seat/Saddle;NA;NULL;T ;Components;Saddles;Rubber bumpers absorb bumps.;ML Road Seat/Saddle 2;Current
520;SE-R995;HL Road Seat/Saddle;NA;NULL;R ;Components;Saddles;Lightweight kevlar racing saddle. Leather.;HL Road Seat/Saddle 2;Current
521;SE-T312;LL Touring Seat/Saddle;NA;NULL;T ;Components;Saddles;"Comfortable, ergonomically shaped gel saddle.";LL Touring Seat/Saddle;Current
522;SE-T762;ML Touring Seat/Saddle;NA;NULL;T ;Components;Saddles;New design relieves pressure for long rides.;ML Touring Seat/Saddle;Current
523;SE-T924;HL Touring Seat/Saddle;NA;NULL;T ;Components;Saddles;Cut-out shell for a more comfortable ride.;HL Touring Seat/Saddle;Current
524;FR-M21S-42;"LL Mountain Frame - Silver, 42";Silver;42;M ;Components;Mountain Frames;"Our best value utilizing the same, ground-breaking frame technology as the ML aluminum frame.";LL Mountain Frame;Current
525;FR-M21S-44;"LL Mountain Frame - Silver, 44";Silver;44;M ;Components;Mountain Frames;"Our best value utilizing the same, ground-breaking frame technology as the ML aluminum frame.";LL Mountain Frame;Current
526;FR-M21S-48;"LL Mountain Frame - Silver, 48";Silver;48;M ;Components;Mountain Frames;"Our best value utilizing the same, ground-breaking frame technology as the ML aluminum frame.";LL Mountain Frame;Current
527;FR-M21S-52;"LL Mountain Frame - Silver, 52";Silver;52;M ;Components;Mountain Frames;"Our best value utilizing the same, ground-breaking frame technology as the ML aluminum frame.";LL Mountain Frame;Current
528;TT-M928;Mountain Tire Tube;NA;NULL;M ;Accessories;Tires and Tubes;Self-sealing tube.;Mountain Tire Tube;Current
529;TT-R982;Road Tire Tube;NA;NULL;R ;Accessories;Tires and Tubes;Conventional all-purpose tube.;Road Tire Tube;Current
530;TT-T092;Touring Tire Tube;NA;NULL;T ;Accessories;Tires and Tubes;General purpose tube.;Touring Tire Tube;Current
531;FR-M21B-42;"LL Mountain Frame - Black, 42";Black;42;M ;Components;Mountain Frames;"Our best value utilizing the same, ground-breaking frame technology as the ML aluminum frame.";LL Mountain Frame;Current
532;FR-M21B-44;"LL Mountain Frame - Black, 44";Black;44;M ;Components;Mountain Frames;"Our best value utilizing the same, ground-breaking frame technology as the ML aluminum frame.";LL Mountain Frame;Current
533;FR-M21B-48;"LL Mountain Frame - Black, 48";Black;48;M ;Components;Mountain Frames;"Our best value utilizing the same, ground-breaking frame technology as the ML aluminum frame.";LL Mountain Frame;Current
534;FR-M21B-52;"LL Mountain Frame - Black, 52";Black;52;M ;Components;Mountain Frames;"Our best value utilizing the same, ground-breaking frame technology as the ML aluminum frame.";LL Mountain Frame;Current
535;TI-M267;LL Mountain Tire;NA;NULL;M ;Accessories;Tires and Tubes;"Comparible traction, less expensive wire bead casing.";LL Mountain Tire;Current
536;TI-M602;ML Mountain Tire;NA;NULL;M ;Accessories;Tires and Tubes;"Great traction, high-density rubber.";ML Mountain Tire;Current
537;TI-M823;HL Mountain Tire;NA;NULL;M ;Accessories;Tires and Tubes;"Incredible traction, lightweight carbon reinforced.";HL Mountain Tire;Current
538;TI-R092;LL Road Tire;NA;NULL;R ;Accessories;Tires and Tubes;Same great treads as more expensive tire with a less expensive wire bead casing.;LL Road Tire;Current
539;TI-R628;ML Road Tire;NA;NULL;R ;Accessories;Tires and Tubes;Higher density rubber.;ML Road Tire;Current
540;TI-R982;HL Road Tire;NA;NULL;R ;Accessories;Tires and Tubes;Lightweight carbon reinforced  for an unrivaled ride at an un-compromised weight.;HL Road Tire;Current
541;TI-T723;Touring Tire;NA;NULL;T ;Accessories;Tires and Tubes;High-density rubber.;Touring Tire;Current
542;PD-M282;LL Mountain Pedal;Silver/Black;NULL;M ;Components;Pedals;"Expanded platform so you can ride in any shoes; great for all-around riding.";LL Mountain Pedal;Current
543;PD-M340;ML Mountain Pedal;Silver/Black;NULL;M ;Components;Pedals;"Lightweight, durable, clipless pedal with adjustable tension.";ML Mountain Pedal;Current
544;PD-M562;HL Mountain Pedal;Silver/Black;NULL;M ;Components;Pedals;"Stainless steel; designed to shed mud easily.";HL Mountain Pedal;Current
545;PD-R347;LL Road Pedal;Silver/Black;NULL;R ;Components;Pedals;Clipless pedals - aluminum.;LL Road Pedal;Current
546;PD-R563;ML Road Pedal;Silver/Black;NULL;R ;Components;Pedals;Lightweight aluminum alloy construction.;ML Road Pedal;Current
547;PD-R853;HL Road Pedal;Silver/Black;NULL;R ;Components;Pedals;Top-of-the-line clipless pedals with adjustable tension.;HL Road Pedal;Current
548;PD-T852;Touring Pedal;Silver/Black;NULL;T ;Components;Pedals;A stable pedal for all-day riding.;Touring Pedal;Current
549;FR-M63S-38;"ML Mountain Frame-W - Silver, 38";Silver;38;M ;Components;Mountain Frames;The ML frame is a heat-treated aluminum frame made with the same detail and quality as our HL frame. It offers superior performance. Men's version.;ML Mountain Frame-W;Current
550;FR-M21B-40;"LL Mountain Frame - Black, 40";Black;40;M ;Components;Mountain Frames;"Our best value utilizing the same, ground-breaking frame technology as the ML aluminum frame.";LL Mountain Frame;Current
551;FR-M21S-40;"LL Mountain Frame - Silver, 40";Silver;40;M ;Components;Mountain Frames;"Our best value utilizing the same, ground-breaking frame technology as the ML aluminum frame.";LL Mountain Frame;Current
552;FD-2342;Front Derailleur;Silver;NULL;NULL;Components;Derailleurs;Wide-link design.;Front Derailleur;Current
553;HB-T721;LL Touring Handlebars;NA;NULL;T ;Components;Handlebars;Unique shape reduces fatigue for entry level riders.;LL Touring Handlebars;Current
554;HB-T928;HL Touring Handlebars;NA;NULL;T ;Components;Handlebars;A light yet stiff aluminum bar for long distance riding.;HL Touring Handlebars;Current
555;FB-9873;Front Brakes;Silver;NULL;NULL;Components;Brakes;"All-weather brake pads; provides superior stopping by applying more surface to the rim.";Front Brakes;Current
556;CS-4759;LL Crankset;Black;NULL;NULL;Components;Cranksets;Super rigid spindle.;LL Crankset;Current
557;CS-6583;ML Crankset;Black;NULL;NULL;Components;Cranksets;High-strength crank arm.;ML Crankset;Current
558;CS-9183;HL Crankset;Black;NULL;NULL;Components;Cranksets;"Triple crankset; alumunim crank arm; flawless shifting.";HL Crankset;Current
559;CH-0234;Chain;Silver;NULL;NULL;Components;Chains;Superior shifting performance.;Chain;Current
560;BK-T44U-60;"Touring-2000 Blue, 60";Blue;60;T ;Bikes;Touring Bikes;"The plush custom saddle keeps you riding all day,  and there's plenty of space to add panniers and bike bags to the newly-redesigned carrier.  This bike has stability when fully-loaded.";Touring-2000;Current
561;BK-T79Y-46;"Touring-1000 Yellow, 46";Yellow;46;T ;Bikes;Touring Bikes;Travel in style and comfort. Designed for maximum comfort and safety. Wide gear range takes on all hills. High-tech aluminum alloy construction provides durability without added weight.;Touring-1000;Current
562;BK-T79Y-50;"Touring-1000 Yellow, 50";Yellow;50;T ;Bikes;Touring Bikes;Travel in style and comfort. Designed for maximum comfort and safety. Wide gear range takes on all hills. High-tech aluminum alloy construction provides durability without added weight.;Touring-1000;Current
563;BK-T79Y-54;"Touring-1000 Yellow, 54";Yellow;54;T ;Bikes;Touring Bikes;Travel in style and comfort. Designed for maximum comfort and safety. Wide gear range takes on all hills. High-tech aluminum alloy construction provides durability without added weight.;Touring-1000;Current
564;BK-T79Y-60;"Touring-1000 Yellow, 60";Yellow;60;T ;Bikes;Touring Bikes;Travel in style and comfort. Designed for maximum comfort and safety. Wide gear range takes on all hills. High-tech aluminum alloy construction provides durability without added weight.;Touring-1000;Current
565;BK-T18U-54;"Touring-3000 Blue, 54";Blue;54;T ;Bikes;Touring Bikes;"All-occasion value bike with our basic comfort and safety features. Offers wider, more stable tires for a ride around town or weekend trip.";Touring-3000;Current
566;BK-T18U-58;"Touring-3000 Blue, 58";Blue;58;T ;Bikes;Touring Bikes;"All-occasion value bike with our basic comfort and safety features. Offers wider, more stable tires for a ride around town or weekend trip.";Touring-3000;Current
567;BK-T18U-62;"Touring-3000 Blue, 62";Blue;62;T ;Bikes;Touring Bikes;"All-occasion value bike with our basic comfort and safety features. Offers wider, more stable tires for a ride around town or weekend trip.";Touring-3000;Current
568;BK-T18Y-44;"Touring-3000 Yellow, 44";Yellow;44;T ;Bikes;Touring Bikes;"All-occasion value bike with our basic comfort and safety features. Offers wider, more stable tires for a ride around town or weekend trip.";Touring-3000;Current
569;BK-T18Y-50;"Touring-3000 Yellow, 50";Yellow;50;T ;Bikes;Touring Bikes;"All-occasion value bike with our basic comfort and safety features. Offers wider, more stable tires for a ride around town or weekend trip.";Touring-3000;Current
570;BK-T18Y-54;"Touring-3000 Yellow, 54";Yellow;54;T ;Bikes;Touring Bikes;"All-occasion value bike with our basic comfort and safety features. Offers wider, more stable tires for a ride around town or weekend trip.";Touring-3000;Current
571;BK-T18Y-58;"Touring-3000 Yellow, 58";Yellow;58;T ;Bikes;Touring Bikes;"All-occasion value bike with our basic comfort and safety features. Offers wider, more stable tires for a ride around town or weekend trip.";Touring-3000;Current
572;BK-T18Y-62;"Touring-3000 Yellow, 62";Yellow;62;T ;Bikes;Touring Bikes;"All-occasion value bike with our basic comfort and safety features. Offers wider, more stable tires for a ride around town or weekend trip.";Touring-3000;Current
573;BK-T79U-46;"Touring-1000 Blue, 46";Blue;46;T ;Bikes;Touring Bikes;Travel in style and comfort. Designed for maximum comfort and safety. Wide gear range takes on all hills. High-tech aluminum alloy construction provides durability without added weight.;Touring-1000;Current
574;BK-T79U-50;"Touring-1000 Blue, 50";Blue;50;T ;Bikes;Touring Bikes;Travel in style and comfort. Designed for maximum comfort and safety. Wide gear range takes on all hills. High-tech aluminum alloy construction provides durability without added weight.;Touring-1000;Current
575;BK-T79U-54;"Touring-1000 Blue, 54";Blue;54;T ;Bikes;Touring Bikes;Travel in style and comfort. Designed for maximum comfort and safety. Wide gear range takes on all hills. High-tech aluminum alloy construction provides durability without added weight.;Touring-1000;Current
576;BK-T79U-60;"Touring-1000 Blue, 60";Blue;60;T ;Bikes;Touring Bikes;Travel in style and comfort. Designed for maximum comfort and safety. Wide gear range takes on all hills. High-tech aluminum alloy construction provides durability without added weight.;Touring-1000;Current
577;BK-T44U-46;"Touring-2000 Blue, 46";Blue;46;T ;Bikes;Touring Bikes;"The plush custom saddle keeps you riding all day,  and there's plenty of space to add panniers and bike bags to the newly-redesigned carrier.  This bike has stability when fully-loaded.";Touring-2000;Current
578;BK-T44U-50;"Touring-2000 Blue, 50";Blue;50;T ;Bikes;Touring Bikes;"The plush custom saddle keeps you riding all day,  and there's plenty of space to add panniers and bike bags to the newly-redesigned carrier.  This bike has stability when fully-loaded.";Touring-2000;Current
579;BK-T44U-54;"Touring-2000 Blue, 54";Blue;54;T ;Bikes;Touring Bikes;"The plush custom saddle keeps you riding all day,  and there's plenty of space to add panniers and bike bags to the newly-redesigned carrier.  This bike has stability when fully-loaded.";Touring-2000;Current
580;BK-R79Y-40;"Road-350-W Yellow, 40";Yellow;40;R ;Bikes;Road Bikes;"Cross-train, race, or just socialize on a sleek, aerodynamic bike designed for a woman.  Advanced seat technology provides comfort all day.";Road-350-W;Current
581;BK-R79Y-42;"Road-350-W Yellow, 42";Yellow;42;R ;Bikes;Road Bikes;"Cross-train, race, or just socialize on a sleek, aerodynamic bike designed for a woman.  Advanced seat technology provides comfort all day.";Road-350-W;Current
582;BK-R79Y-44;"Road-350-W Yellow, 44";Yellow;44;R ;Bikes;Road Bikes;"Cross-train, race, or just socialize on a sleek, aerodynamic bike designed for a woman.  Advanced seat technology provides comfort all day.";Road-350-W;Current
583;BK-R79Y-48;"Road-350-W Yellow, 48";Yellow;48;R ;Bikes;Road Bikes;"Cross-train, race, or just socialize on a sleek, aerodynamic bike designed for a woman.  Advanced seat technology provides comfort all day.";Road-350-W;Current
584;BK-R19B-58;"Road-750 Black, 58";Black;58;R ;Bikes;Road Bikes;"Entry level adult bike; offers a comfortable ride cross-country or down the block. Quick-release hubs and rims.";Road-750;Current
585;BK-T18U-44;"Touring-3000 Blue, 44";Blue;44;T ;Bikes;Touring Bikes;"All-occasion value bike with our basic comfort and safety features. Offers wider, more stable tires for a ride around town or weekend trip.";Touring-3000;Current
586;BK-T18U-50;"Touring-3000 Blue, 50";Blue;50;T ;Bikes;Touring Bikes;"All-occasion value bike with our basic comfort and safety features. Offers wider, more stable tires for a ride around town or weekend trip.";Touring-3000;Current
587;BK-M38S-38;"Mountain-400-W Silver, 38";Silver;38;M ;Bikes;Mountain Bikes;"This bike delivers a high-level of performance on a budget. It is responsive and maneuverable, and offers peace-of-mind when you decide to go off-road.";Mountain-400-W;Current
588;BK-M38S-40;"Mountain-400-W Silver, 40";Silver;40;M ;Bikes;Mountain Bikes;"This bike delivers a high-level of performance on a budget. It is responsive and maneuverable, and offers peace-of-mind when you decide to go off-road.";Mountain-400-W;Current
589;BK-M38S-42;"Mountain-400-W Silver, 42";Silver;42;M ;Bikes;Mountain Bikes;"This bike delivers a high-level of performance on a budget. It is responsive and maneuverable, and offers peace-of-mind when you decide to go off-road.";Mountain-400-W;Current
590;BK-M38S-46;"Mountain-400-W Silver, 46";Silver;46;M ;Bikes;Mountain Bikes;"This bike delivers a high-level of performance on a budget. It is responsive and maneuverable, and offers peace-of-mind when you decide to go off-road.";Mountain-400-W;Current
591;BK-M18S-40;"Mountain-500 Silver, 40";Silver;40;M ;Bikes;Mountain Bikes;"Suitable for any type of riding, on or off-road. Fits any budget. Smooth-shifting with a comfortable ride.";Mountain-500;Current
592;BK-M18S-42;"Mountain-500 Silver, 42";Silver;42;M ;Bikes;Mountain Bikes;"Suitable for any type of riding, on or off-road. Fits any budget. Smooth-shifting with a comfortable ride.";Mountain-500;Current
593;BK-M18S-44;"Mountain-500 Silver, 44";Silver;44;M ;Bikes;Mountain Bikes;"Suitable for any type of riding, on or off-road. Fits any budget. Smooth-shifting with a comfortable ride.";Mountain-500;Current
594;BK-M18S-48;"Mountain-500 Silver, 48";Silver;48;M ;Bikes;Mountain Bikes;"Suitable for any type of riding, on or off-road. Fits any budget. Smooth-shifting with a comfortable ride.";Mountain-500;Current
595;BK-M18S-52;"Mountain-500 Silver, 52";Silver;52;M ;Bikes;Mountain Bikes;"Suitable for any type of riding, on or off-road. Fits any budget. Smooth-shifting with a comfortable ride.";Mountain-500;Current
596;BK-M18B-40;"Mountain-500 Black, 40";Black;40;M ;Bikes;Mountain Bikes;"Suitable for any type of riding, on or off-road. Fits any budget. Smooth-shifting with a comfortable ride.";Mountain-500;Current
597;BK-M18B-42;"Mountain-500 Black, 42";Black;42;M ;Bikes;Mountain Bikes;"Suitable for any type of riding, on or off-road. Fits any budget. Smooth-shifting with a comfortable ride.";Mountain-500;Current
598;BK-M18B-44;"Mountain-500 Black, 44";Black;44;M ;Bikes;Mountain Bikes;"Suitable for any type of riding, on or off-road. Fits any budget. Smooth-shifting with a comfortable ride.";Mountain-500;Current
599;BK-M18B-48;"Mountain-500 Black, 48";Black;48;M ;Bikes;Mountain Bikes;"Suitable for any type of riding, on or off-road. Fits any budget. Smooth-shifting with a comfortable ride.";Mountain-500;Current
600;BK-M18B-52;"Mountain-500 Black, 52";Black;52;M ;Bikes;Mountain Bikes;"Suitable for any type of riding, on or off-road. Fits any budget. Smooth-shifting with a comfortable ride.";Mountain-500;Current
601;BB-7421;LL Bottom Bracket;NA;NULL;NULL;Components;Bottom Brackets;Chromoly steel.;LL Bottom Bracket;Current
602;BB-8107;ML Bottom Bracket;NA;NULL;NULL;Components;Bottom Brackets;"Aluminum alloy cups; large diameter spindle.";ML Bottom Bracket;Current
603;BB-9108;HL Bottom Bracket;NA;NULL;NULL;Components;Bottom Brackets;Aluminum alloy cups and a hollow axle.;HL Bottom Bracket;Current
604;BK-R19B-44;"Road-750 Black, 44";Black;44;R ;Bikes;Road Bikes;"Entry level adult bike; offers a comfortable ride cross-country or down the block. Quick-release hubs and rims.";Road-750;Current
605;BK-R19B-48;"Road-750 Black, 48";Black;48;R ;Bikes;Road Bikes;"Entry level adult bike; offers a comfortable ride cross-country or down the block. Quick-release hubs and rims.";Road-750;Current
606;BK-R19B-52;"Road-750 Black, 52";Black;52;R ;Bikes;Road Bikes;"Entry level adult bike; offers a comfortable ride cross-country or down the block. Quick-release hubs and rims.";Road-750;Current
